site,posterior_prob_positive,bayes_factor,threshold,true_positive,method,kernel_stddev
1,0.018566647550406608,0.04525076610772858,false,false,original_BAME,NaN
2,0.1333341443596967,0.3679958721473607,false,false,original_BAME,NaN
3,0.905648266528881,22.959526766201396,true,false,original_BAME,NaN
4,0.024635317016933927,0.06041494506080956,false,false,original_BAME,NaN
5,0.11092799529635186,0.2984403116701142,false,false,original_BAME,NaN
6,0.18233981270575297,0.5334109270449064,false,true,original_BAME,NaN
7,0.00020961887967080501,0.0005015043415854215,false,false,original_BAME,NaN
8,0.6493624066694724,4.429777587345164,false,true,original_BAME,NaN
9,0.00896498675550966,0.021637840226493045,false,false,original_BAME,NaN
10,0.06961434880461247,0.1789736176805687,false,false,original_BAME,NaN
11,0.0627869779476323,0.16024501261924845,false,false,original_BAME,NaN
12,0.9707226971884334,79.30806893886952,true,true,original_BAME,NaN
13,0.1976192099719457,0.5891174566686118,false,true,original_BAME,NaN
14,0.003418845628985205,0.008205783926423094,false,false,original_BAME,NaN
15,0.09606610976584795,0.2542065816262168,false,false,original_BAME,NaN
16,0.10151653642150846,0.2702588716586793,false,false,original_BAME,NaN
17,0.033446620806870234,0.08277127759746873,false,false,original_BAME,NaN
18,0.12824127334533678,0.35187205210253686,false,true,original_BAME,NaN
19,0.08119135978348668,0.21136739753624992,false,false,original_BAME,NaN
20,0.0781947336454025,0.2029044516566757,false,false,original_BAME,NaN
21,0.06869754196614962,0.17644270392245606,false,false,original_BAME,NaN
22,0.19616589988546135,0.5837277566344571,false,true,original_BAME,NaN
23,0.034952864086026394,0.08663382665314555,false,false,original_BAME,NaN
24,0.24932050676870332,0.7944319545924248,false,false,original_BAME,NaN
25,0.43386975699567865,1.833142720414459,false,false,original_BAME,NaN
26,0.04880567507641838,0.12273101601773655,false,false,original_BAME,NaN
27,0.0072136566276081535,0.017380126263780063,false,false,original_BAME,NaN
28,0.14912984628742643,0.4192321071184709,false,false,original_BAME,NaN
29,0.17281175185851672,0.4997147547718878,false,false,original_BAME,NaN
30,0.10837931388182596,0.29074986195862335,false,false,original_BAME,NaN
31,0.18963537068364894,0.5597474501733981,false,true,original_BAME,NaN
32,0.0011757726161597544,0.0028157074435386192,false,false,original_BAME,NaN
33,0.006072033495787522,0.01461276848562108,false,false,original_BAME,NaN
34,0.07461015309632113,0.19285302554751124,false,true,original_BAME,NaN
35,0.13662667744933965,0.3785211384278665,false,false,original_BAME,NaN
36,0.3384248198236254,1.223590956134342,false,true,original_BAME,NaN
37,0.18712683713289258,0.5506384668403963,false,false,original_BAME,NaN
38,0.32756773689466095,1.1652143739465504,false,true,original_BAME,NaN
39,0.2112216206963187,0.6405258012729386,false,false,original_BAME,NaN
40,0.1718012695639643,0.49618663721146855,false,false,original_BAME,NaN
41,0.0538181997997385,0.1360529090686469,false,false,original_BAME,NaN
42,0.001024035633901529,0.002451959462747492,false,false,original_BAME,NaN
43,0.0007228769724225785,0.0017303410105369483,false,false,original_BAME,NaN
44,0.0218585104810771,0.0534530067323272,false,false,original_BAME,NaN
45,0.05338296661286338,0.13489058734723158,false,false,original_BAME,NaN
46,0.022580865675891616,0.05526027048709295,false,false,original_BAME,NaN
47,0.00458734066329062,0.011023286341065948,false,false,original_BAME,NaN
48,0.02400180994747808,0.05882314439168297,false,false,original_BAME,NaN
49,0.22080763144158158,0.6778329002091003,false,false,original_BAME,NaN
50,0.03601315561126419,0.08936003418078164,false,false,original_BAME,NaN
51,0.18216294780981643,0.5327782890602023,false,true,original_BAME,NaN
52,0.6348824207592402,4.159238403911619,false,false,original_BAME,NaN
53,0.03063204656968764,0.07558586911837611,false,false,original_BAME,NaN
54,0.043471689003955004,0.10870810901319848,false,false,original_BAME,NaN
55,0.05580872791792037,0.1413824156248929,false,false,original_BAME,NaN
56,0.07158255192035104,0.18442387332173557,false,false,original_BAME,NaN
57,0.016690775790629088,0.040601274424511495,false,false,original_BAME,NaN
58,0.028360974542065855,0.06981832990433168,false,false,original_BAME,NaN
59,0.20779013473058783,0.6273904939433985,false,false,original_BAME,NaN
60,0.08683887178356584,0.22746784446187135,false,false,original_BAME,NaN
61,0.4369704456848069,1.8564109785259608,false,true,original_BAME,NaN
62,0.03302432721439644,0.08169052483113085,false,false,original_BAME,NaN
63,0.002692297415560369,0.006457242800810573,false,false,original_BAME,NaN
64,0.10013091108630412,0.26615957216356284,false,true,original_BAME,NaN
65,0.08705997318189991,0.22810223263860507,false,false,original_BAME,NaN
66,0.0395274500438357,0.09843897814823295,false,false,original_BAME,NaN
67,0.05963195187389377,0.15168212922656565,false,true,original_BAME,NaN
68,0.012760877563812544,0.03091800337149491,false,false,original_BAME,NaN
69,0.17730437921516629,0.5155057721576627,false,false,original_BAME,NaN
70,0.11037495792328358,0.29676782062157764,false,false,original_BAME,NaN
71,0.11173094027848637,0.3008722780891743,false,false,original_BAME,NaN
72,0.0026793635770573578,0.006426138767322451,false,false,original_BAME,NaN
73,0.19266360185527087,0.5708189707582542,false,false,original_BAME,NaN
74,0.28302001695097306,0.9441986547775623,false,false,original_BAME,NaN
75,0.056837862356584494,0.14414667650471094,false,false,original_BAME,NaN
76,0.16249987172928815,0.4641105021649941,false,true,original_BAME,NaN
77,0.07422881177335568,0.19178829740383732,false,false,original_BAME,NaN
78,0.0024727724298521754,0.005929425913275296,false,false,original_BAME,NaN
79,0.005059285090250986,0.012163125976842404,false,false,original_BAME,NaN
80,0.19920437990609868,0.5950184737326316,false,false,original_BAME,NaN
81,0.3192133279183057,1.1215618459164347,false,true,original_BAME,NaN
82,0.3107435990117522,1.0783869884213562,false,true,original_BAME,NaN
83,0.17762798973283414,0.5166498837285054,false,false,original_BAME,NaN
84,0.07252832572179191,0.1870510942004603,false,false,original_BAME,NaN
85,0.03299974811299127,0.08162764995801637,false,false,original_BAME,NaN
86,0.11297192088958374,0.3046396313823096,false,false,original_BAME,NaN
87,0.7333366712483971,6.577992326232935,false,false,original_BAME,NaN
88,0.010558090214403801,0.025523975697589178,false,false,original_BAME,NaN
89,0.1364076851817736,0.37781859262724926,false,true,original_BAME,NaN
90,0.09378174716908133,0.24753622856513566,false,false,original_BAME,NaN
91,0.1881205830114555,0.5542402227676139,false,false,original_BAME,NaN
92,0.8628273580776662,15.045605128943881,false,true,original_BAME,NaN
93,0.005479360886589808,0.01317860255587889,false,false,original_BAME,NaN
94,0.01559059050212349,0.03788262492754293,false,false,original_BAME,NaN
95,0.008675880021399572,0.020933946990462863,false,false,original_BAME,NaN
96,0.03730574516508078,0.0926916461249389,false,false,original_BAME,NaN
97,0.19015639877243973,0.5616464842628234,false,false,original_BAME,NaN
98,0.16466703403616295,0.47152019476340884,false,false,original_BAME,NaN
99,0.02185751556341144,0.053450519384074434,false,false,original_BAME,NaN
100,0.11983877504171683,0.3256779718581107,false,false,original_BAME,NaN
101,0.06520922730744252,0.16685833013628001,false,false,original_BAME,NaN
102,0.16949678980637428,0.48817261987739047,false,true,original_BAME,NaN
103,0.0023282601137223457,0.005582093200601936,false,false,original_BAME,NaN
104,0.1718012695639643,0.49618663721146855,false,true,original_BAME,NaN
105,0.07274337448469795,0.18764921596287923,false,false,original_BAME,NaN
106,0.7622571806379231,7.669152456777561,false,true,original_BAME,NaN
107,0.21744499670279271,0.6646420317918376,false,true,original_BAME,NaN
108,0.19673786679891964,0.5858466077557571,false,false,original_BAME,NaN
109,0.1310817005962351,0.36084141672350206,false,false,original_BAME,NaN
110,0.06724653878302338,0.17244726954164724,false,false,original_BAME,NaN
111,0.17311245223435937,0.500766320489246,false,false,original_BAME,NaN
112,0.03451357669235436,0.0855060910309584,false,false,original_BAME,NaN
113,0.0008730440832959316,0.002090108122465995,false,false,original_BAME,NaN
114,0.060583526801331604,0.15425868893129147,false,false,original_BAME,NaN
115,0.09038596615339559,0.23768244601441008,false,false,original_BAME,NaN
116,0.07453019260037766,0.1926296982812789,false,false,original_BAME,NaN
117,0.022729688397254155,0.05563294265109342,false,false,original_BAME,NaN
118,0.1726855809029267,0.49927375567646426,false,true,original_BAME,NaN
119,0.1659520907352497,0.47593208731237513,false,false,original_BAME,NaN
120,0.0038860398473967344,0.009331500392170778,false,false,original_BAME,NaN
121,0.965429952819729,66.79962928647761,true,true,original_BAME,NaN
122,0.1849162234821454,0.5426577653141681,false,false,original_BAME,NaN
123,0.24139484168259534,0.761141584094258,false,true,original_BAME,NaN
124,0.1582533133197052,0.449701826689384,false,false,original_BAME,NaN
125,0.07146468207527289,0.1840968232509657,false,false,original_BAME,NaN
126,0.09318736529125504,0.2458061395547555,false,false,original_BAME,NaN
127,0.3022807465917424,1.0362941213566583,false,true,original_BAME,NaN
128,0.43147430866096687,1.8153405229752477,false,true,original_BAME,NaN
129,0.01786515007727586,0.04350997190280999,false,false,original_BAME,NaN
130,0.9691439312518394,75.1278469525035,true,true,original_BAME,NaN
131,0.0460404980594868,0.11544186403501264,false,false,original_BAME,NaN
132,0.08536935440588138,0.2232592719223549,false,false,original_BAME,NaN
133,0.09434465661038266,0.24917680333898928,false,false,original_BAME,NaN
134,0.026842934060689105,0.06597817521812066,false,false,original_BAME,NaN
135,0.19367505756188244,0.5745354824016684,false,false,original_BAME,NaN
136,0.08627918847814757,0.22586336310354613,false,false,original_BAME,NaN
137,0.1109420559127245,0.2984828607930791,false,false,original_BAME,NaN
138,0.06241296143093607,0.15922690396812358,false,false,original_BAME,NaN
139,0.29888411309844787,1.0196855824585056,false,true,original_BAME,NaN
140,0.997976005314147,1179.4077774431307,true,true,original_BAME,NaN
141,0.0099794307184641,0.024110976808417187,false,false,original_BAME,NaN
142,0.03349724598201937,0.0829009032199951,false,false,original_BAME,NaN
143,0.0029259724557269395,0.007019336872460048,false,false,original_BAME,NaN
144,0.33147877482220556,1.1860248272476528,false,false,original_BAME,NaN
145,0.12715302748922944,0.3484511088945804,false,false,original_BAME,NaN
146,0.07000704417798789,0.18005920903847586,false,false,original_BAME,NaN
147,0.4818866581153437,2.224709872566065,false,true,original_BAME,NaN
148,0.19563051172979976,0.5817471419225452,false,true,original_BAME,NaN
149,0.1723581307131442,0.498129862536094,false,false,original_BAME,NaN
150,0.205913992857399,0.6202568547017859,false,false,original_BAME,NaN
151,0.25018377054339985,0.7981004449693646,false,false,original_BAME,NaN
152,0.07888660909144679,0.20485352819137698,false,false,original_BAME,NaN
153,0.18863061052995456,0.5560922045681754,false,false,original_BAME,NaN
154,0.07392877200163023,0.19095118451222798,false,false,original_BAME,NaN
155,0.5111170498435037,2.5007411046366244,false,true,original_BAME,NaN
156,0.03414707764833595,0.08456600211412726,false,false,original_BAME,NaN
157,0.049000761269559864,0.12324687425531039,false,false,original_BAME,NaN
158,0.05317653126277203,0.13433966042604506,false,false,original_BAME,NaN
159,0.4872244123440716,2.272767210728869,false,false,original_BAME,NaN
160,0.20651281604331714,0.6225300900645485,false,false,original_BAME,NaN
161,0.3445643282988431,1.257458022693734,false,false,original_BAME,NaN
162,0.15395638235635034,0.43526946305556724,false,false,original_BAME,NaN
163,0.02190802387960779,0.053576799312720184,false,false,original_BAME,NaN
164,0.0019101808414906103,0.004577813704706935,false,false,original_BAME,NaN
165,0.18351858621833128,0.5376343489612944,false,true,original_BAME,NaN
166,0.04701444313888963,0.11800440883464335,false,false,original_BAME,NaN
167,0.17918980302004964,0.5221842934230357,false,false,original_BAME,NaN
168,0.0012107093112501666,0.0028994742830963163,false,false,original_BAME,NaN
169,0.270615838144961,0.887462759274777,false,false,original_BAME,NaN
170,0.5641717605265182,3.0963442024847465,false,true,original_BAME,NaN
171,0.11006169204335807,0.295821366754643,false,false,original_BAME,NaN
172,0.014174340116999003,0.03439188557272901,false,false,original_BAME,NaN
173,0.10151653642150846,0.2702588716586793,false,true,original_BAME,NaN
174,0.2790350435545901,0.9257588000454557,false,true,original_BAME,NaN
175,0.3020347137365163,1.0350856626035858,false,false,original_BAME,NaN
176,0.046980662007007845,0.11791543968881452,false,false,original_BAME,NaN
177,0.06699639000846401,0.1717597240447279,false,false,original_BAME,NaN
178,0.09285385977690808,0.24483638583246412,false,false,original_BAME,NaN
179,0.0022836091833872965,0.0054747958520040794,false,false,original_BAME,NaN
180,0.03171743643165481,0.07835184409616251,false,false,original_BAME,NaN
181,0.29427568367053913,0.9974073204543346,false,true,original_BAME,NaN
182,0.1700747941283421,0.4901784958268804,false,false,original_BAME,NaN
183,0.08199856092508781,0.2136565071569402,false,false,original_BAME,NaN
184,0.08915842028921243,0.2341384682928121,false,false,original_BAME,NaN
185,0.0759961853223729,0.19673031379975733,false,false,original_BAME,NaN
186,0.008162110641857786,0.019684076240397457,false,false,original_BAME,NaN
187,0.011163366348352799,0.02700373799037311,false,false,original_BAME,NaN
188,0.17776198104880425,0.5171238681126712,false,false,original_BAME,NaN
189,0.001277170362412787,0.003058842460935005,false,false,original_BAME,NaN
190,0.18104869415910466,0.5287989361240293,false,false,original_BAME,NaN
191,0.005577470645451058,0.013415893251031217,false,false,original_BAME,NaN
192,0.23124081009865524,0.7194943989348079,false,false,original_BAME,NaN
193,0.1868773755499466,0.549735694802528,false,false,original_BAME,NaN
194,0.007634214989715687,0.018401187882960447,false,false,original_BAME,NaN
195,0.09852615679736555,0.2614277399440222,false,true,original_BAME,NaN
196,0.036575951797545685,0.0908095261443966,false,false,original_BAME,NaN
197,0.0017273658476448265,0.0041389332134785725,false,false,original_BAME,NaN
198,0.6150663000641504,3.821987426466577,false,true,original_BAME,NaN
199,0.02907940523950953,0.0716399150391514,false,false,original_BAME,NaN
200,0.2683013296648437,0.8770893040291169,false,true,original_BAME,NaN
201,0.20211631054253498,0.6059196410389622,false,false,original_BAME,NaN
202,0.22286880792079955,0.6859748684212629,false,false,original_BAME,NaN
203,0.02340296868181111,0.057320346547953295,false,false,original_BAME,NaN
204,0.15889204455445938,0.4518597611661622,false,false,original_BAME,NaN
205,0.034656517127828,0.08587293409863878,false,false,original_BAME,NaN
206,0.12907963212212906,0.35451329547420235,false,true,original_BAME,NaN
